date,Countries,TarrifImpose_Clean,avEffectiveTariffRate,US 2024 Deficit,gdp,cpeInflation,GDP_Sensitivity_Factor,Sourcing_Risk_Score,Risk_Label,Actionable_Insight
2025-03-04,Canada,0.25,0.488015667,-63335.8,-0.070225455,0.041593575,-0.001053866959999969,100.0,CRITICAL,CRITICAL ALERT: High Tariff (>15%) + Large Deficit (>$63B). Risk TRIPLED. Immediate exit advised.
2025-04-03,Mexico,0.25,3.174561178,-171809.2,-0.456819354,0.270567849,0.07194609995000029,100.0,CRITICAL,CRITICAL ALERT: High Tariff (>15%) + Large Deficit (>$172B). Risk TRIPLED. Immediate exit advised.
2025-04-02,Spain,0.25,0.25,,-0.022492595810000002,0.014590698789999988,-0.0011842563999999965,26.748495921999993,MEDIUM,Moderate Risk. Monitor situation.
2025-12-31,United Kingdom,0.15,0.15,11856.9,-0.014610555989999996,0.008381072359999998,0.0,16.717088208,LOW,Safe Haven Candidate. GDP Stable (-1.46%).
2025-04-09,Algeria,0.3,0.0,-1447.1,-0.000450509,0.00026683,-0.0014311533600000006,0.5205052,LOW,Safe Haven Candidate. GDP Stable (-0.05%).
2025-04-09,Angola,0.32,0.0,-1186.9,-0.000164025,9.72e-05,-0.0015518044400000017,0.18954,LOW,Safe Haven Candidate. GDP Stable (-0.02%).
2025-04-09,Bangladesh,0.37,0.09,-6151.8,-0.01358227,0.008044592,0.0017866731700000062,15.692571200000003,LOW,Safe Haven Candidate. GDP Stable (-1.36%).
2025-04-09,Bosnia and Herzegovina,0.35,0.0,-126.1,-0.000240489,0.000142438,-0.0007950705199999998,0.277854,LOW,Safe Haven Candidate. GDP Stable (-0.02%).
2025-04-09,Botswana,0.37,0.0,-300.8,-0.000659575,0.000390657,-0.00038017537999999963,0.7620542,LOW,Safe Haven Candidate. GDP Stable (-0.07%).
2025-04-09,Brunei,0.24,0.0,-111.6,-0.000199922,0.000118411,-0.0008352318499999999,0.23098420000000003,LOW,Safe Haven Candidate. GDP Stable (-0.02%).
2025-04-09,Cambodia,0.49,0.17,-12340.2,-0.024433664,0.014471725,0.0003178513799999942,28.2299662,MEDIUM,Moderate Risk. Monitor situation.
2025-04-09,Cameroon,0.11,0.0,-55.7,-3.61e-05,2.14e-05,-0.0009974156299999996,0.04172,LOW,Safe Haven Candidate. GDP Stable (-0.00%).
2025-04-09,Chad,0.13,0.0,-20.9,-2.34e-06,1.39e-06,-0.00103083803,0.002706,LOW,Safe Haven Candidate. GDP Stable (-0.00%).
2025-04-09,China,0.34,3.48,-295401.6,-0.501436625,0.296994048,0.06308903389000065,100.0,CRITICAL,CRITICAL ALERT: High Tariff (>15%) + Large Deficit (>$295B). Risk TRIPLED. Immediate exit advised.
2025-04-09,Ivory Coast,0.21,0.01,,-0.000766526,0.000454003,-0.0013834493999999994,0.8856226000000001,LOW,Safe Haven Candidate. GDP Stable (-0.08%).
2025-04-09,Democratic Republic of the Congo,0.11,0.0,,-9.58e-06,5.67e-06,-0.0010236016299999997,0.011066,LOW,Safe Haven Candidate. GDP Stable (-0.00%).
2025-04-09,Equatorial Guinea,0.13,0.0,-32.3,-2.75e-06,1.63e-06,-0.0010304321299999997,0.0031780000000000003,LOW,Safe Haven Candidate. GDP Stable (-0.00%).
2025-04-09,EU,0.2,1.99,,-0.28608502,0.169444241,0.15043965460999992,100.0,CRITICAL,CRITICAL ALERT: High Tariff (>15%) + Large Deficit (>$nanB). Risk TRIPLED. Immediate exit advised.
2025-04-09,Falkland Islands,0.41,0.0,,-4.11e-05,2.43e-05,-0.0009920816299999996,0.04746000000000001,LOW,Safe Haven Candidate. GDP Stable (-0.00%).
2025-04-09,Fiji,0.32,0.0,-164.6,-0.000355007,0.000210266,-0.0006816976999999998,0.4101652,LOW,Safe Haven Candidate. GDP Stable (-0.04%).
2025-04-09,Guyana,0.38,0.0,-4060.6,-0.000212691,0.000125974,-0.0019930571500000015,0.2457372,LOW,Safe Haven Candidate. GDP Stable (-0.02%).
2025-04-09,India,0.26,0.49,-45663.8,-0.070671587,0.041857813,0.0010096539600000648,65.1146878,HIGH,High Risk. Costs rising (4.19%). Monitor closely.
2025-04-09,Indonesia,0.32,0.24,-17882.6,-0.0344364,0.020396208,0.0011350451799999814,39.7868448,MEDIUM,Moderate Risk. Monitor situation.
2025-04-09,Iraq,0.39,0.0,-5761.7,-7.84e-05,4.65e-05,-0.002559406370000001,0.09061999999999999,LOW,Safe Haven Candidate. GDP Stable (-0.01%).
2025-04-09,Israel,0.17,0.07,,-0.010490496,0.006213377,0.0007972132599999987,12.120423,LOW,Safe Haven Candidate. GDP Stable (-1.05%).
2025-04-09,Japan,0.24,0.55,-68467.7,-0.079839806,0.047288024,0.003042387720000081,100.0,CRITICAL,CRITICAL ALERT: High Tariff (>15%) + Large Deficit (>$68B). Risk TRIPLED. Immediate exit advised.
2025-04-09,Jordan,0.2,0.02,-1334.1,-0.002869586,0.001699617,2.3950209999999608e-05,3.315439,LOW,Safe Haven Candidate. GDP Stable (-0.29%).
2025-04-09,Kazakhstan,0.27,0.0,-1253.7,-0.000366035,0.000216798,-0.001453567820000001,0.4229068,LOW,Safe Haven Candidate. GDP Stable (-0.04%).
2025-04-09,Laos,0.48,0.01,-762.9,-0.001645792,0.00097478,-0.0006908893200000014,1.9015016000000002,LOW,Safe Haven Candidate. GDP Stable (-0.16%).
2025-04-09,Lesotho,0.5,0.0,-234.5,-0.000522457,0.000309444,-0.0005159221999999997,0.6036320000000001,LOW,Safe Haven Candidate. GDP Stable (-0.05%).
2025-04-09,Libya,0.31,0.0,-898.3,-2.46e-06,1.46e-06,-0.0014539610300000013,0.0028440000000000006,LOW,Safe Haven Candidate. GDP Stable (-0.00%).
2025-04-09,Liechtenstein,0.37,0.0,-177.7,-0.000232041,0.000137435,-0.0008051894599999998,0.2680938,LOW,Safe Haven Candidate. GDP Stable (-0.02%).
2025-04-09,Madagascar,0.47,0.01,-679.8,-0.001273342,0.000754183,-0.000951634310000001,1.4711834000000001,LOW,Safe Haven Candidate. GDP Stable (-0.13%).
2025-04-09,Malawi,0.17,0.0,-14.1,-3.07e-05,1.82e-05,-0.0010024780299999999,0.03548,LOW,Safe Haven Candidate. GDP Stable (-0.00%).
2025-04-09,Malaysia,0.24,0.27,-24830.1,-0.039550892,0.023425452,0.0007304600800000435,45.6959848,HIGH,High Risk. Costs rising (2.34%). Monitor closely.
2025-04-09,Mauritius,0.4,0.0,-186.5,-0.000407583,0.000241406,-0.0006296474599999998,0.47090999999999994,LOW,Safe Haven Candidate. GDP Stable (-0.04%).
2025-04-09,Moldova,0.31,0.0,-82.9,-0.000170895,0.000101219,-0.0008634125699999998,0.19744740000000002,LOW,Safe Haven Candidate. GDP Stable (-0.02%).
2025-04-09,Mozambique,0.16,0.0,-66.4,-0.000115294,6.83e-05,-0.0009190135699999999,0.1332152,LOW,Safe Haven Candidate. GDP Stable (-0.01%).
2025-04-09,Myanmar,0.44,0.01,,-0.001225093,0.000725606,-0.0009248823999999994,1.415438,LOW,Safe Haven Candidate. GDP Stable (-0.12%).
2025-04-09,Namibia,0.21,0.0,-114.7,-0.000175928,0.0001042,-0.0008594822699999999,0.2032624,LOW,Safe Haven Candidate. GDP Stable (-0.02%).
2025-04-09,Nauru,0.3,0.0,-1.3,-2.7e-06,1.6e-06,-0.0010304816299999996,0.00312,LOW,Safe Haven Candidate. GDP Stable (-0.00%).
2025-04-09,Nicaragua,0.18,0.02,-1681.3,-0.002776384,0.001644414,-8.497009999998764e-06,3.2077556,LOW,Safe Haven Candidate. GDP Stable (-0.28%).
2025-04-09,Nigeria,0.14,0.0,-1524.9,-0.000253052,0.000149879,-0.0016191796300000008,0.292369,LOW,Safe Haven Candidate. GDP Stable (-0.03%).
2025-04-09,North Macedonia,0.33,0.0,-113.1,-0.000225564,0.000133598,-0.0008098462699999998,0.26061,LOW,Safe Haven Candidate. GDP Stable (-0.02%).
2025-04-09,Norway,0.15,0.02,-1991.3,-0.002545516,0.001507674,-0.00014240044999999993,2.9410172,LOW,Safe Haven Candidate. GDP Stable (-0.25%).
2025-04-09,Pakistan,0.29,0.04,-2988.5,-0.006248713,0.003701027,-0.0004635435199999991,7.219586600000001,LOW,Safe Haven Candidate. GDP Stable (-0.62%).
2025-04-09,Philippines,0.17,0.05,-4880.3,-0.007746896,0.004588381,-0.0002752139900000037,8.9505454,LOW,Safe Haven Candidate. GDP Stable (-0.77%).
2025-04-09,Serbia,0.37,0.01,-604.5,-0.000872873,0.000516991,-0.0012771023999999993,1.008493,LOW,Safe Haven Candidate. GDP Stable (-0.09%).
2025-04-09,South Africa,0.3,0.06,-8836.8,-0.008602352,0.005095055,-0.0006694286100000085,9.9389146,LOW,Safe Haven Candidate. GDP Stable (-0.86%).
2025-04-09,South Korea,0.25,0.46,-66007.4,-0.066409485,0.039333429,-0.0022786795800000953,100.0,CRITICAL,CRITICAL ALERT: High Tariff (>15%) + Large Deficit (>$66B). Risk TRIPLED. Immediate exit advised.
2025-04-09,Sri Lanka,0.44,0.04,-2647.4,-0.005630873,0.003335089,-0.000896031519999999,6.5057518,LOW,Safe Haven Candidate. GDP Stable (-0.56%).
2025-04-09,Switzerland,0.31,0.35,-38463.3,-0.050142752,0.029698865,-0.0010495922700000382,57.819319,HIGH,High Risk. Costs rising (2.97%). Monitor closely.
2025-04-09,Syria,0.41,0.0,90.0,-1.92e-05,1.13e-05,-0.0010141466299999997,0.02214,LOW,Safe Haven Candidate. GDP Stable (-0.00%).
2025-04-09,Taiwan,0.32,0.62,-73927.2,-0.089934315,0.053266864,0.005053152520000062,100.0,CRITICAL,CRITICAL ALERT: High Tariff (>15%) + Large Deficit (>$74B). Risk TRIPLED. Immediate exit advised.
2025-04-09,Thailand,0.36,0.5,-45608.9,-0.071775796,0.042511821,0.0016133726500000695,65.5070926,HIGH,High Risk. Costs rising (4.25%). Monitor closely.
2025-04-09,Tunisia,0.28,0.01,-619.6,-0.001295106,0.000767073,-0.0009182043499999998,1.4963286,LOW,Safe Haven Candidate. GDP Stable (-0.13%).
2025-04-09,Vanuatu,0.22,0.0,-6.1,-1.32e-05,7.84e-06,-0.0010200866299999998,0.015264,LOW,Safe Haven Candidate. GDP Stable (-0.00%).
2025-04-09,Venezuela,0.15,0.0,-1755.8,-0.00018168,0.000107606,-0.0016639123100000007,0.2099076,LOW,Safe Haven Candidate. GDP Stable (-0.02%).
2025-04-09,Vietnam,0.46,1.53,-123463.0,-0.219751278,0.130155673,0.021343328099999725,100.0,CRITICAL,CRITICAL ALERT: High Tariff (>15%) + Large Deficit (>$123B). Risk TRIPLED. Immediate exit advised.
2025-04-09,Zambia,0.17,0.0,-55.3,-0.000105603,6.25e-05,-0.0009286076599999998,0.12198240000000002,LOW,Safe Haven Candidate. GDP Stable (-0.01%).
2025-04-09,Zimbabwe,0.18,0.0,-24.1,-5.35e-05,3.17e-05,-0.00097967803,0.06182,LOW,Safe Haven Candidate. GDP Stable (-0.01%).
